{
	"links": [{
		"href": "http://processing.example.org/oapi-p?f=application/json",
		"rel": "self",
		"type": "application/json",
		"title": "This document"
	},{
		"href": "http://processing.example.org/oapi-p?f=text/html",
		"rel": "alternate",
		"type": "text/html",
		"title": "This document as HTML"
	},
	{
		"href": "http://processing.example.org/oapi-p/api?f=application/json",
		"rel": "service-desc",
		"type": "application/json",
		"title": "API definition for this endpoint as JSON"
	},
	{
		"href": "http://processing.example.org/oapi-p/api?f=text/html",
		"rel": "service-desc",
		"type": "text/html",
		"title": "API definition for this endpoint as HTML"
	},
	{
		"href": "http://processing.example.org/oapi-p/conformance",
		"rel": "http://www.opengis.net/def/rel/ogc/1.0/conformance",
		"type": "application/json",
		"title": "OGC API - Processes conformance classes implemented by this server"
	},
	{
		"href": "http://processing.example.org/oapi-p/processes",
		"rel": "http://www.opengis.net/def/rel/ogc/1.0/processes",
		"type": "application/json",
		"title": "Metadata about the processes"
	},
	{
		"href": "http://processing.example.org/oapi-p/jobs",
		"rel": "http://www.opengis.net/def/rel/ogc/1.0/job-list",
		"title": "The endpoint for job monitoring"
	}]
}
