{
   "id": "EuropeanETRS89_LAEAQuad",
   "title": "Lambert Azimuthal Equal Area ETRS89 for Europe",
   "uri": "http://www.opengis.net/def/tilematrixset/OGC/1.0/EuropeanETRS89_LAEAQuad",
   "crs": "http://www.opengis.net/def/crs/EPSG/0/3035",
   "orderedAxes": [ "Y", "X" ],
   "tileMatrices":
   [
      {
        "id": "0",
        "scaleDenominator": 62779017.8571428,
        "cellSize": 17578.125,
        "pointOfOrigin": [5500000.0, 2000000.0],
        "tileWidth": 256,
        "tileHeight": 256,
        "matrixWidth": 1,
        "matrixHeight": 1
      },
      {
        "id": "1",
        "scaleDenominator": 31389508.9285714,
        "cellSize": 8789.0625,
        "pointOfOrigin": [5500000.0, 2000000.0],
        "tileWidth": 256,
        "tileHeight": 256,
        "matrixWidth": 2,
        "matrixHeight": 2
      },
      {
        "id": "2",
        "scaleDenominator": 15694754.4642857,
        "cellSize": 4394.53125,
        "pointOfOrigin": [5500000.0, 2000000.0],
        "tileWidth": 256,
        "tileHeight": 256,
        "matrixWidth": 4,
        "matrixHeight": 4
      },
      {
        "id": "3",
        "scaleDenominator": 7847377.23214285,
        "cellSize": 2197.265625,
        "pointOfOrigin": [5500000.0, 2000000.0],
        "tileWidth": 256,
        "tileHeight": 256,
        "matrixWidth": 8,
        "matrixHeight": 8
      },
      {
        "id": "4",
        "scaleDenominator": 3923688.61607142,
        "cellSize": 1098.6328125,
        "pointOfOrigin": [5500000.0, 2000000.0],
        "tileWidth": 256,
        "tileHeight": 256,
        "matrixWidth": 16,
        "matrixHeight": 16
      },
      {
        "id": "5",
        "scaleDenominator": 1961844.30803571,
        "cellSize": 549.31640625,
        "pointOfOrigin": [5500000.0, 2000000.0],
        "tileWidth": 256,
        "tileHeight": 256,
        "matrixWidth": 32,
        "matrixHeight": 32
      },
      {
        "id": "6",
        "scaleDenominator": 980922.154017857,
        "cellSize": 274.658203125,
        "pointOfOrigin": [5500000.0, 2000000.0],
        "tileWidth": 256,
        "tileHeight": 256,
        "matrixWidth": 64,
        "matrixHeight": 64
      },
      {
        "id": "7",
        "scaleDenominator": 490461.077008928,
        "cellSize": 137.3291015625,
        "pointOfOrigin": [5500000.0, 2000000.0],
        "tileWidth": 256,
        "tileHeight": 256,
        "matrixWidth": 128,
        "matrixHeight": 128
      },
      {
        "id": "8",
        "scaleDenominator": 245230.538504464,
        "cellSize": 68.6645507812,
        "pointOfOrigin": [5500000.0, 2000000.0],
        "tileWidth": 256,
        "tileHeight": 256,
        "matrixWidth": 256,
        "matrixHeight": 256
      },
      {
        "id": "9",
        "scaleDenominator": 122615.269252232,
        "cellSize": 34.3322753906,
        "pointOfOrigin": [5500000.0, 2000000.0],
        "tileWidth": 256,
        "tileHeight": 256,
        "matrixWidth": 512,
        "matrixHeight": 512
      },
      {
        "id": "10",
        "scaleDenominator": 61307.634626116,
        "cellSize": 17.1661376953,
        "pointOfOrigin": [5500000.0, 2000000.0],
        "tileWidth": 256,
        "tileHeight": 256,
        "matrixWidth": 1024,
        "matrixHeight": 1024
      },
      {
        "id": "11",
        "scaleDenominator": 30653.817313058,
        "cellSize": 8.5830688477,
        "pointOfOrigin": [5500000.0, 2000000.0],
        "tileWidth": 256,
        "tileHeight": 256,
        "matrixWidth": 2048,
        "matrixHeight": 2048
      },
      {
        "id": "12",
        "scaleDenominator": 15326.908656529,
        "cellSize": 4.2915344238,
        "pointOfOrigin": [5500000.0, 2000000.0],
        "tileWidth": 256,
        "tileHeight": 256,
        "matrixWidth": 4096,
        "matrixHeight": 4096
      },
      {
        "id": "13",
        "scaleDenominator": 7663.45432826451,
        "cellSize": 2.1457672119,
        "pointOfOrigin": [5500000.0, 2000000.0],
        "tileWidth": 256,
        "tileHeight": 256,
        "matrixWidth": 8192,
        "matrixHeight": 8192
      },
      {
        "id": "14",
        "scaleDenominator": 3831.72716413225,
        "cellSize": 1.072883606,
        "pointOfOrigin": [5500000.0, 2000000.0],
        "tileWidth": 256,
        "tileHeight": 256,
        "matrixWidth": 16384,
        "matrixHeight": 16384
      },
      {
        "id": "15",
        "scaleDenominator": 1915.86358206612,
        "cellSize": 0.536441803,
        "pointOfOrigin": [5500000.0, 2000000.0],
        "tileWidth": 256,
        "tileHeight": 256,
        "matrixWidth": 32768,
        "matrixHeight": 32768
      }
   ]
}
