{
   "id": "UTM31WGS84Quad",
   "title": "Universal Transverse Mercator Zone 31 WGS84 Quad",
   "uri": "http://www.opengis.net/def/tilematrixset/OGC/1.0/UTM31WGS84Quad",
   "crs": "http://www.opengis.net/def/crs/EPSG/0/32631",
   "orderedAxes": ["E", "N"],
   "tileMatrices":
   [
      {
        "id": "1",
        "scaleDenominator": 279072704.500914,
        "cellSize": 78140.3572602559,
        "pointOfOrigin": [-9501965.72931276,20003931.4586255],
        "tileWidth": 256,
        "tileHeight": 256,
        "matrixWidth": 1,
        "matrixHeight": 2
      },
      {
        "id": "2",
        "scaleDenominator": 139536352.250457,
        "cellSize": 39070.178630128,
        "pointOfOrigin": [-9501965.72931276,20003931.4586255],
        "tileWidth": 256,
        "tileHeight": 256,
        "matrixWidth": 2,
        "matrixHeight": 4
      },
      {
        "id": "3",
        "scaleDenominator": 69768176.1252285,
        "cellSize": 19535.089315064,
        "pointOfOrigin": [-9501965.72931276,20003931.4586255],
        "tileWidth": 256,
        "tileHeight": 256,
        "matrixWidth": 4,
        "matrixHeight": 8
      },
      {
        "id": "4",
        "scaleDenominator": 34884088.0626143,
        "cellSize": 9767.5446575319,
        "pointOfOrigin": [-9501965.72931276,20003931.4586255],
        "tileWidth": 256,
        "tileHeight": 256,
        "matrixWidth": 8,
        "matrixHeight": 16
      },
      {
        "id": "5",
        "scaleDenominator": 17442044.0313071,
        "cellSize": 4883.772328766,
        "pointOfOrigin": [-9501965.72931276,20003931.4586255],
        "tileWidth": 256,
        "tileHeight": 256,
        "matrixWidth": 16,
        "matrixHeight": 32
      },
      {
        "id": "6",
        "scaleDenominator": 8721022.01565356,
        "cellSize": 2441.886164383,
        "pointOfOrigin": [-9501965.72931276,20003931.4586255],
        "tileWidth": 256,
        "tileHeight": 256,
        "matrixWidth": 32,
        "matrixHeight": 64
      },
      {
        "id": "7",
        "scaleDenominator": 4360511.00782678,
        "cellSize": 1220.9430821915,
        "pointOfOrigin": [-9501965.72931276,20003931.4586255],
        "tileWidth": 256,
        "tileHeight": 256,
        "matrixWidth": 64,
        "matrixHeight": 128
      },
      {
        "id": "8",
        "scaleDenominator": 2180255.50391339,
        "cellSize": 610.471541095749,
        "pointOfOrigin": [-9501965.72931276,20003931.4586255],
        "tileWidth": 256,
        "tileHeight": 256,
        "matrixWidth": 128,
        "matrixHeight": 256
      },
      {
        "id": "9",
        "scaleDenominator": 1090127.7519567,
        "cellSize": 305.235770547875,
        "pointOfOrigin": [-9501965.72931276,20003931.4586255],
        "tileWidth": 256,
        "tileHeight": 256,
        "matrixWidth": 256,
        "matrixHeight": 512
      },
      {
        "id": "10",
        "scaleDenominator": 545063.875978348,
        "cellSize": 152.617885273937,
        "pointOfOrigin": [-9501965.72931276,20003931.4586255],
        "tileWidth": 256,
        "tileHeight": 256,
        "matrixWidth": 512,
        "matrixHeight": 1024
      },
      {
        "id": "11",
        "scaleDenominator": 272531.937989174,
        "cellSize": 76.3089426369687,
        "pointOfOrigin": [-9501965.72931276,20003931.4586255],
        "tileWidth": 256,
        "tileHeight": 256,
        "matrixWidth": 1024,
        "matrixHeight": 2048
      },
      {
        "id": "12",
        "scaleDenominator": 136265.968994587,
        "cellSize": 38.1544713184843,
        "pointOfOrigin": [-9501965.72931276,20003931.4586255],
        "tileWidth": 256,
        "tileHeight": 256,
        "matrixWidth": 2048,
        "matrixHeight": 4096
      },
      {
        "id": "13",
        "scaleDenominator": 68132.9844972935,
        "cellSize": 19.0772356592422,
        "pointOfOrigin": [-9501965.72931276,20003931.4586255],
        "tileWidth": 256,
        "tileHeight": 256,
        "matrixWidth": 4096,
        "matrixHeight": 8192
      },
      {
        "id": "14",
        "scaleDenominator": 34066.4922486467,
        "cellSize": 9.53861782962109,
        "pointOfOrigin": [-9501965.72931276,20003931.4586255],
        "tileWidth": 256,
        "tileHeight": 256,
        "matrixWidth": 8192,
        "matrixHeight": 16384
      },
      {
        "id": "15",
        "scaleDenominator": 17033.2461243234,
        "cellSize": 4.76930891481054,
        "pointOfOrigin": [-9501965.72931276,20003931.4586255],
        "tileWidth": 256,
        "tileHeight": 256,
        "matrixWidth": 16384,
        "matrixHeight": 32768
      },
      {
        "id": "16",
        "scaleDenominator": 8516.62306216168,
        "cellSize": 2.38465445740527,
        "pointOfOrigin": [-9501965.72931276,20003931.4586255],
        "tileWidth": 256,
        "tileHeight": 256,
        "matrixWidth": 32768,
        "matrixHeight": 65536
      },
      {
        "id": "17",
        "scaleDenominator": 4258.31153108084,
        "cellSize": 1.19232722870264,
        "pointOfOrigin": [-9501965.72931276,20003931.4586255],
        "tileWidth": 256,
        "tileHeight": 256,
        "matrixWidth": 65536,
        "matrixHeight": 131072
      },
      {
        "id": "18",
        "scaleDenominator": 2129.15576554042,
        "cellSize": 0.596163614351318,
        "pointOfOrigin": [-9501965.72931276,20003931.4586255],
        "tileWidth": 256,
        "tileHeight": 256,
        "matrixWidth": 131072,
        "matrixHeight": 262144
      },
      {
        "id": "19",
        "scaleDenominator": 1064.57788277021,
        "cellSize": 0.298081807175659,
        "pointOfOrigin": [-9501965.72931276,20003931.4586255],
        "tileWidth": 256,
        "tileHeight": 256,
        "matrixWidth": 262144,
        "matrixHeight": 524288
      },
      {
        "id": "20",
        "scaleDenominator": 532.288941385105,
        "cellSize": 0.149040903587829,
        "pointOfOrigin": [-9501965.72931276,20003931.4586255],
        "tileWidth": 256,
        "tileHeight": 256,
        "matrixWidth": 524288,
        "matrixHeight": 1048576
      },
      {
        "id": "21",
        "scaleDenominator": 266.144470692553,
        "cellSize": 0.0745204517939147,
        "pointOfOrigin": [-9501965.72931276,20003931.4586255],
        "tileWidth": 256,
        "tileHeight": 256,
        "matrixWidth": 1048576,
        "matrixHeight": 2097152
      },
      {
        "id": "22",
        "scaleDenominator": 133.072235346276,
        "cellSize": 0.0372602258969574,
        "pointOfOrigin": [-9501965.72931276,20003931.4586255],
        "tileWidth": 256,
        "tileHeight": 256,
        "matrixWidth": 2097152,
        "matrixHeight": 4194304
      },
      {
        "id": "23",
        "scaleDenominator": 66.5361176731382,
        "cellSize": 0.0186301129484787,
        "pointOfOrigin": [-9501965.72931276,20003931.4586255],
        "tileWidth": 256,
        "tileHeight": 256,
        "matrixWidth": 4194304,
        "matrixHeight": 8388608
      },
      {
        "id": "24",
        "scaleDenominator": 33.2680588365691,
        "cellSize": 0.00931505647423934,
        "pointOfOrigin": [-9501965.72931276,20003931.4586255],
        "tileWidth": 256,
        "tileHeight": 256,
        "matrixWidth": 8388608,
        "matrixHeight": 16777216
      }
   ]
}
