<?xml version="1.0" encoding="UTF-8"?>
<TileMatrixSet id="CDB1GlobalGrid" xmlns="http://www.opengis.net/tms/2.0" xmlns:tmsc="http://www.opengis.net/tms/2.0/common" xmlns:xsi="http://www.w3.org/2001/XMLSchema-instance" xsi:schemaLocation="http://www.opengis.net/tms/2.0 ../../tilematrixset.xsd">
   <tmsc:Title>CDB 1 Global Grid</tmsc:Title>
   <tmsc:Identifier>CDB1GlobalGrid</tmsc:Identifier>
   <uri>http://www.opengis.net/def/tilematrixset/OGC/1.0/CDB1GlobalGrid</uri>
   <tmsc:CRS>
      <tmsc:URI>http://www.opengis.net/def/crs/EPSG/0/4326</tmsc:URI>
   </tmsc:CRS>
   <OrderedAxes>Lat,Lon</OrderedAxes>
   <TileMatrix>
      <tmsc:Identifier>-10</tmsc:Identifier>
      <ScaleDenominator>397569609.975977063179</ScaleDenominator>
      <CellSize>1</CellSize>
      <PointOfOrigin>90 -180</PointOfOrigin>
      <TileWidth>1</TileWidth>
      <TileHeight>1</TileHeight>
      <MatrixWidth>360</MatrixWidth>
      <MatrixHeight>180</MatrixHeight>
      <VariableMatrixWidth><Coalesce>12</Coalesce><MinTileRow>0</MinTileRow><MaxTileRow>0</MaxTileRow></VariableMatrixWidth>
      <VariableMatrixWidth><Coalesce>6</Coalesce><MinTileRow>1</MinTileRow><MaxTileRow>9</MaxTileRow></VariableMatrixWidth>
      <VariableMatrixWidth><Coalesce>4</Coalesce><MinTileRow>10</MinTileRow><MaxTileRow>14</MaxTileRow></VariableMatrixWidth>
      <VariableMatrixWidth><Coalesce>3</Coalesce><MinTileRow>15</MinTileRow><MaxTileRow>19</MaxTileRow></VariableMatrixWidth>
      <VariableMatrixWidth><Coalesce>2</Coalesce><MinTileRow>20</MinTileRow><MaxTileRow>39</MaxTileRow></VariableMatrixWidth>
      <VariableMatrixWidth><Coalesce>2</Coalesce><MinTileRow>140</MinTileRow><MaxTileRow>159</MaxTileRow></VariableMatrixWidth>
      <VariableMatrixWidth><Coalesce>3</Coalesce><MinTileRow>160</MinTileRow><MaxTileRow>164</MaxTileRow></VariableMatrixWidth>
      <VariableMatrixWidth><Coalesce>4</Coalesce><MinTileRow>165</MinTileRow><MaxTileRow>169</MaxTileRow></VariableMatrixWidth>
      <VariableMatrixWidth><Coalesce>6</Coalesce><MinTileRow>170</MinTileRow><MaxTileRow>178</MaxTileRow></VariableMatrixWidth>
      <VariableMatrixWidth><Coalesce>12</Coalesce><MinTileRow>179</MinTileRow><MaxTileRow>179</MaxTileRow></VariableMatrixWidth>
   </TileMatrix>
   <TileMatrix>
      <tmsc:Identifier>-9</tmsc:Identifier>
      <ScaleDenominator>198784804.9879885315895</ScaleDenominator>
      <CellSize>0.5</CellSize>
      <PointOfOrigin>90 -180</PointOfOrigin>
      <TileWidth>2</TileWidth>
      <TileHeight>2</TileHeight>
      <MatrixWidth>360</MatrixWidth>
      <MatrixHeight>180</MatrixHeight>
      <VariableMatrixWidth><Coalesce>12</Coalesce><MinTileRow>0</MinTileRow><MaxTileRow>0</MaxTileRow></VariableMatrixWidth>
      <VariableMatrixWidth><Coalesce>6</Coalesce><MinTileRow>1</MinTileRow><MaxTileRow>9</MaxTileRow></VariableMatrixWidth>
      <VariableMatrixWidth><Coalesce>4</Coalesce><MinTileRow>10</MinTileRow><MaxTileRow>14</MaxTileRow></VariableMatrixWidth>
      <VariableMatrixWidth><Coalesce>3</Coalesce><MinTileRow>15</MinTileRow><MaxTileRow>19</MaxTileRow></VariableMatrixWidth>
      <VariableMatrixWidth><Coalesce>2</Coalesce><MinTileRow>20</MinTileRow><MaxTileRow>39</MaxTileRow></VariableMatrixWidth>
      <VariableMatrixWidth><Coalesce>2</Coalesce><MinTileRow>140</MinTileRow><MaxTileRow>159</MaxTileRow></VariableMatrixWidth>
      <VariableMatrixWidth><Coalesce>3</Coalesce><MinTileRow>160</MinTileRow><MaxTileRow>164</MaxTileRow></VariableMatrixWidth>
      <VariableMatrixWidth><Coalesce>4</Coalesce><MinTileRow>165</MinTileRow><MaxTileRow>169</MaxTileRow></VariableMatrixWidth>
      <VariableMatrixWidth><Coalesce>6</Coalesce><MinTileRow>170</MinTileRow><MaxTileRow>178</MaxTileRow></VariableMatrixWidth>
      <VariableMatrixWidth><Coalesce>12</Coalesce><MinTileRow>179</MinTileRow><MaxTileRow>179</MaxTileRow></VariableMatrixWidth>
   </TileMatrix>
   <TileMatrix>
      <tmsc:Identifier>-8</tmsc:Identifier>
      <ScaleDenominator>99392402.4939942657948</ScaleDenominator>
      <CellSize>0.25</CellSize>
      <PointOfOrigin>90 -180</PointOfOrigin>
      <TileWidth>4</TileWidth>
      <TileHeight>4</TileHeight>
      <MatrixWidth>360</MatrixWidth>
      <MatrixHeight>180</MatrixHeight>
      <VariableMatrixWidth><Coalesce>12</Coalesce><MinTileRow>0</MinTileRow><MaxTileRow>0</MaxTileRow></VariableMatrixWidth>
      <VariableMatrixWidth><Coalesce>6</Coalesce><MinTileRow>1</MinTileRow><MaxTileRow>9</MaxTileRow></VariableMatrixWidth>
      <VariableMatrixWidth><Coalesce>4</Coalesce><MinTileRow>10</MinTileRow><MaxTileRow>14</MaxTileRow></VariableMatrixWidth>
      <VariableMatrixWidth><Coalesce>3</Coalesce><MinTileRow>15</MinTileRow><MaxTileRow>19</MaxTileRow></VariableMatrixWidth>
      <VariableMatrixWidth><Coalesce>2</Coalesce><MinTileRow>20</MinTileRow><MaxTileRow>39</MaxTileRow></VariableMatrixWidth>
      <VariableMatrixWidth><Coalesce>2</Coalesce><MinTileRow>140</MinTileRow><MaxTileRow>159</MaxTileRow></VariableMatrixWidth>
      <VariableMatrixWidth><Coalesce>3</Coalesce><MinTileRow>160</MinTileRow><MaxTileRow>164</MaxTileRow></VariableMatrixWidth>
      <VariableMatrixWidth><Coalesce>4</Coalesce><MinTileRow>165</MinTileRow><MaxTileRow>169</MaxTileRow></VariableMatrixWidth>
      <VariableMatrixWidth><Coalesce>6</Coalesce><MinTileRow>170</MinTileRow><MaxTileRow>178</MaxTileRow></VariableMatrixWidth>
      <VariableMatrixWidth><Coalesce>12</Coalesce><MinTileRow>179</MinTileRow><MaxTileRow>179</MaxTileRow></VariableMatrixWidth>
   </TileMatrix>
   <TileMatrix>
      <tmsc:Identifier>-7</tmsc:Identifier>
      <ScaleDenominator>49696201.2469971328974</ScaleDenominator>
      <CellSize>0.125</CellSize>
      <PointOfOrigin>90 -180</PointOfOrigin>
      <TileWidth>8</TileWidth>
      <TileHeight>8</TileHeight>
      <MatrixWidth>360</MatrixWidth>
      <MatrixHeight>180</MatrixHeight>
      <VariableMatrixWidth><Coalesce>12</Coalesce><MinTileRow>0</MinTileRow><MaxTileRow>0</MaxTileRow></VariableMatrixWidth>
      <VariableMatrixWidth><Coalesce>6</Coalesce><MinTileRow>1</MinTileRow><MaxTileRow>9</MaxTileRow></VariableMatrixWidth>
      <VariableMatrixWidth><Coalesce>4</Coalesce><MinTileRow>10</MinTileRow><MaxTileRow>14</MaxTileRow></VariableMatrixWidth>
      <VariableMatrixWidth><Coalesce>3</Coalesce><MinTileRow>15</MinTileRow><MaxTileRow>19</MaxTileRow></VariableMatrixWidth>
      <VariableMatrixWidth><Coalesce>2</Coalesce><MinTileRow>20</MinTileRow><MaxTileRow>39</MaxTileRow></VariableMatrixWidth>
      <VariableMatrixWidth><Coalesce>2</Coalesce><MinTileRow>140</MinTileRow><MaxTileRow>159</MaxTileRow></VariableMatrixWidth>
      <VariableMatrixWidth><Coalesce>3</Coalesce><MinTileRow>160</MinTileRow><MaxTileRow>164</MaxTileRow></VariableMatrixWidth>
      <VariableMatrixWidth><Coalesce>4</Coalesce><MinTileRow>165</MinTileRow><MaxTileRow>169</MaxTileRow></VariableMatrixWidth>
      <VariableMatrixWidth><Coalesce>6</Coalesce><MinTileRow>170</MinTileRow><MaxTileRow>178</MaxTileRow></VariableMatrixWidth>
      <VariableMatrixWidth><Coalesce>12</Coalesce><MinTileRow>179</MinTileRow><MaxTileRow>179</MaxTileRow></VariableMatrixWidth>
   </TileMatrix>
   <TileMatrix>
      <tmsc:Identifier>-6</tmsc:Identifier>
      <ScaleDenominator>24848100.6234985664487</ScaleDenominator>
      <CellSize>0.0625</CellSize>
      <PointOfOrigin>90 -180</PointOfOrigin>
      <TileWidth>16</TileWidth>
      <TileHeight>16</TileHeight>
      <MatrixWidth>360</MatrixWidth>
      <MatrixHeight>180</MatrixHeight>
      <VariableMatrixWidth><Coalesce>12</Coalesce><MinTileRow>0</MinTileRow><MaxTileRow>0</MaxTileRow></VariableMatrixWidth>
      <VariableMatrixWidth><Coalesce>6</Coalesce><MinTileRow>1</MinTileRow><MaxTileRow>9</MaxTileRow></VariableMatrixWidth>
      <VariableMatrixWidth><Coalesce>4</Coalesce><MinTileRow>10</MinTileRow><MaxTileRow>14</MaxTileRow></VariableMatrixWidth>
      <VariableMatrixWidth><Coalesce>3</Coalesce><MinTileRow>15</MinTileRow><MaxTileRow>19</MaxTileRow></VariableMatrixWidth>
      <VariableMatrixWidth><Coalesce>2</Coalesce><MinTileRow>20</MinTileRow><MaxTileRow>39</MaxTileRow></VariableMatrixWidth>
      <VariableMatrixWidth><Coalesce>2</Coalesce><MinTileRow>140</MinTileRow><MaxTileRow>159</MaxTileRow></VariableMatrixWidth>
      <VariableMatrixWidth><Coalesce>3</Coalesce><MinTileRow>160</MinTileRow><MaxTileRow>164</MaxTileRow></VariableMatrixWidth>
      <VariableMatrixWidth><Coalesce>4</Coalesce><MinTileRow>165</MinTileRow><MaxTileRow>169</MaxTileRow></VariableMatrixWidth>
      <VariableMatrixWidth><Coalesce>6</Coalesce><MinTileRow>170</MinTileRow><MaxTileRow>178</MaxTileRow></VariableMatrixWidth>
      <VariableMatrixWidth><Coalesce>12</Coalesce><MinTileRow>179</MinTileRow><MaxTileRow>179</MaxTileRow></VariableMatrixWidth>
   </TileMatrix>
   <TileMatrix>
      <tmsc:Identifier>-5</tmsc:Identifier>
      <ScaleDenominator>12424050.3117492832243</ScaleDenominator>
      <CellSize>0.03125</CellSize>
      <PointOfOrigin>90 -180</PointOfOrigin>
      <TileWidth>32</TileWidth>
      <TileHeight>32</TileHeight>
      <MatrixWidth>360</MatrixWidth>
      <MatrixHeight>180</MatrixHeight>
      <VariableMatrixWidth><Coalesce>12</Coalesce><MinTileRow>0</MinTileRow><MaxTileRow>0</MaxTileRow></VariableMatrixWidth>
      <VariableMatrixWidth><Coalesce>6</Coalesce><MinTileRow>1</MinTileRow><MaxTileRow>9</MaxTileRow></VariableMatrixWidth>
      <VariableMatrixWidth><Coalesce>4</Coalesce><MinTileRow>10</MinTileRow><MaxTileRow>14</MaxTileRow></VariableMatrixWidth>
      <VariableMatrixWidth><Coalesce>3</Coalesce><MinTileRow>15</MinTileRow><MaxTileRow>19</MaxTileRow></VariableMatrixWidth>
      <VariableMatrixWidth><Coalesce>2</Coalesce><MinTileRow>20</MinTileRow><MaxTileRow>39</MaxTileRow></VariableMatrixWidth>
      <VariableMatrixWidth><Coalesce>2</Coalesce><MinTileRow>140</MinTileRow><MaxTileRow>159</MaxTileRow></VariableMatrixWidth>
      <VariableMatrixWidth><Coalesce>3</Coalesce><MinTileRow>160</MinTileRow><MaxTileRow>164</MaxTileRow></VariableMatrixWidth>
      <VariableMatrixWidth><Coalesce>4</Coalesce><MinTileRow>165</MinTileRow><MaxTileRow>169</MaxTileRow></VariableMatrixWidth>
      <VariableMatrixWidth><Coalesce>6</Coalesce><MinTileRow>170</MinTileRow><MaxTileRow>178</MaxTileRow></VariableMatrixWidth>
      <VariableMatrixWidth><Coalesce>12</Coalesce><MinTileRow>179</MinTileRow><MaxTileRow>179</MaxTileRow></VariableMatrixWidth>
   </TileMatrix>
   <TileMatrix>
      <tmsc:Identifier>-4</tmsc:Identifier>
      <ScaleDenominator>6212025.1558746416122</ScaleDenominator>
      <CellSize>0.015625</CellSize>
      <PointOfOrigin>90 -180</PointOfOrigin>
      <TileWidth>64</TileWidth>
      <TileHeight>64</TileHeight>
      <MatrixWidth>360</MatrixWidth>
      <MatrixHeight>180</MatrixHeight>
      <VariableMatrixWidth><Coalesce>12</Coalesce><MinTileRow>0</MinTileRow><MaxTileRow>0</MaxTileRow></VariableMatrixWidth>
      <VariableMatrixWidth><Coalesce>6</Coalesce><MinTileRow>1</MinTileRow><MaxTileRow>9</MaxTileRow></VariableMatrixWidth>
      <VariableMatrixWidth><Coalesce>4</Coalesce><MinTileRow>10</MinTileRow><MaxTileRow>14</MaxTileRow></VariableMatrixWidth>
      <VariableMatrixWidth><Coalesce>3</Coalesce><MinTileRow>15</MinTileRow><MaxTileRow>19</MaxTileRow></VariableMatrixWidth>
      <VariableMatrixWidth><Coalesce>2</Coalesce><MinTileRow>20</MinTileRow><MaxTileRow>39</MaxTileRow></VariableMatrixWidth>
      <VariableMatrixWidth><Coalesce>2</Coalesce><MinTileRow>140</MinTileRow><MaxTileRow>159</MaxTileRow></VariableMatrixWidth>
      <VariableMatrixWidth><Coalesce>3</Coalesce><MinTileRow>160</MinTileRow><MaxTileRow>164</MaxTileRow></VariableMatrixWidth>
      <VariableMatrixWidth><Coalesce>4</Coalesce><MinTileRow>165</MinTileRow><MaxTileRow>169</MaxTileRow></VariableMatrixWidth>
      <VariableMatrixWidth><Coalesce>6</Coalesce><MinTileRow>170</MinTileRow><MaxTileRow>178</MaxTileRow></VariableMatrixWidth>
      <VariableMatrixWidth><Coalesce>12</Coalesce><MinTileRow>179</MinTileRow><MaxTileRow>179</MaxTileRow></VariableMatrixWidth>
   </TileMatrix>
   <TileMatrix>
      <tmsc:Identifier>-3</tmsc:Identifier>
      <ScaleDenominator>3106012.5779373208061</ScaleDenominator>
      <CellSize>0.0078125</CellSize>
      <PointOfOrigin>90 -180</PointOfOrigin>
      <TileWidth>128</TileWidth>
      <TileHeight>128</TileHeight>
      <MatrixWidth>360</MatrixWidth>
      <MatrixHeight>180</MatrixHeight>
      <VariableMatrixWidth><Coalesce>12</Coalesce><MinTileRow>0</MinTileRow><MaxTileRow>0</MaxTileRow></VariableMatrixWidth>
      <VariableMatrixWidth><Coalesce>6</Coalesce><MinTileRow>1</MinTileRow><MaxTileRow>9</MaxTileRow></VariableMatrixWidth>
      <VariableMatrixWidth><Coalesce>4</Coalesce><MinTileRow>10</MinTileRow><MaxTileRow>14</MaxTileRow></VariableMatrixWidth>
      <VariableMatrixWidth><Coalesce>3</Coalesce><MinTileRow>15</MinTileRow><MaxTileRow>19</MaxTileRow></VariableMatrixWidth>
      <VariableMatrixWidth><Coalesce>2</Coalesce><MinTileRow>20</MinTileRow><MaxTileRow>39</MaxTileRow></VariableMatrixWidth>
      <VariableMatrixWidth><Coalesce>2</Coalesce><MinTileRow>140</MinTileRow><MaxTileRow>159</MaxTileRow></VariableMatrixWidth>
      <VariableMatrixWidth><Coalesce>3</Coalesce><MinTileRow>160</MinTileRow><MaxTileRow>164</MaxTileRow></VariableMatrixWidth>
      <VariableMatrixWidth><Coalesce>4</Coalesce><MinTileRow>165</MinTileRow><MaxTileRow>169</MaxTileRow></VariableMatrixWidth>
      <VariableMatrixWidth><Coalesce>6</Coalesce><MinTileRow>170</MinTileRow><MaxTileRow>178</MaxTileRow></VariableMatrixWidth>
      <VariableMatrixWidth><Coalesce>12</Coalesce><MinTileRow>179</MinTileRow><MaxTileRow>179</MaxTileRow></VariableMatrixWidth>
   </TileMatrix>
   <TileMatrix>
      <tmsc:Identifier>-2</tmsc:Identifier>
      <ScaleDenominator>1553006.288968660403</ScaleDenominator>
      <CellSize>0.00390625</CellSize>
      <PointOfOrigin>90 -180</PointOfOrigin>
      <TileWidth>256</TileWidth>
      <TileHeight>256</TileHeight>
      <MatrixWidth>360</MatrixWidth>
      <MatrixHeight>180</MatrixHeight>
      <VariableMatrixWidth><Coalesce>12</Coalesce><MinTileRow>0</MinTileRow><MaxTileRow>0</MaxTileRow></VariableMatrixWidth>
      <VariableMatrixWidth><Coalesce>6</Coalesce><MinTileRow>1</MinTileRow><MaxTileRow>9</MaxTileRow></VariableMatrixWidth>
      <VariableMatrixWidth><Coalesce>4</Coalesce><MinTileRow>10</MinTileRow><MaxTileRow>14</MaxTileRow></VariableMatrixWidth>
      <VariableMatrixWidth><Coalesce>3</Coalesce><MinTileRow>15</MinTileRow><MaxTileRow>19</MaxTileRow></VariableMatrixWidth>
      <VariableMatrixWidth><Coalesce>2</Coalesce><MinTileRow>20</MinTileRow><MaxTileRow>39</MaxTileRow></VariableMatrixWidth>
      <VariableMatrixWidth><Coalesce>2</Coalesce><MinTileRow>140</MinTileRow><MaxTileRow>159</MaxTileRow></VariableMatrixWidth>
      <VariableMatrixWidth><Coalesce>3</Coalesce><MinTileRow>160</MinTileRow><MaxTileRow>164</MaxTileRow></VariableMatrixWidth>
      <VariableMatrixWidth><Coalesce>4</Coalesce><MinTileRow>165</MinTileRow><MaxTileRow>169</MaxTileRow></VariableMatrixWidth>
      <VariableMatrixWidth><Coalesce>6</Coalesce><MinTileRow>170</MinTileRow><MaxTileRow>178</MaxTileRow></VariableMatrixWidth>
      <VariableMatrixWidth><Coalesce>12</Coalesce><MinTileRow>179</MinTileRow><MaxTileRow>179</MaxTileRow></VariableMatrixWidth>
   </TileMatrix>
   <TileMatrix>
      <tmsc:Identifier>-1</tmsc:Identifier>
      <ScaleDenominator>776503.1444843302015</ScaleDenominator>
      <CellSize>0.001953125</CellSize>
      <PointOfOrigin>90 -180</PointOfOrigin>
      <TileWidth>512</TileWidth>
      <TileHeight>512</TileHeight>
      <MatrixWidth>360</MatrixWidth>
      <MatrixHeight>180</MatrixHeight>
      <VariableMatrixWidth><Coalesce>12</Coalesce><MinTileRow>0</MinTileRow><MaxTileRow>0</MaxTileRow></VariableMatrixWidth>
      <VariableMatrixWidth><Coalesce>6</Coalesce><MinTileRow>1</MinTileRow><MaxTileRow>9</MaxTileRow></VariableMatrixWidth>
      <VariableMatrixWidth><Coalesce>4</Coalesce><MinTileRow>10</MinTileRow><MaxTileRow>14</MaxTileRow></VariableMatrixWidth>
      <VariableMatrixWidth><Coalesce>3</Coalesce><MinTileRow>15</MinTileRow><MaxTileRow>19</MaxTileRow></VariableMatrixWidth>
      <VariableMatrixWidth><Coalesce>2</Coalesce><MinTileRow>20</MinTileRow><MaxTileRow>39</MaxTileRow></VariableMatrixWidth>
      <VariableMatrixWidth><Coalesce>2</Coalesce><MinTileRow>140</MinTileRow><MaxTileRow>159</MaxTileRow></VariableMatrixWidth>
      <VariableMatrixWidth><Coalesce>3</Coalesce><MinTileRow>160</MinTileRow><MaxTileRow>164</MaxTileRow></VariableMatrixWidth>
      <VariableMatrixWidth><Coalesce>4</Coalesce><MinTileRow>165</MinTileRow><MaxTileRow>169</MaxTileRow></VariableMatrixWidth>
      <VariableMatrixWidth><Coalesce>6</Coalesce><MinTileRow>170</MinTileRow><MaxTileRow>178</MaxTileRow></VariableMatrixWidth>
      <VariableMatrixWidth><Coalesce>12</Coalesce><MinTileRow>179</MinTileRow><MaxTileRow>179</MaxTileRow></VariableMatrixWidth>
   </TileMatrix>
   <TileMatrix>
      <tmsc:Identifier>0</tmsc:Identifier>
      <ScaleDenominator>388251.5722421651008</ScaleDenominator>
      <CellSize>0.0009765625</CellSize>
      <PointOfOrigin>90 -180</PointOfOrigin>
      <TileWidth>1024</TileWidth>
      <TileHeight>1024</TileHeight>
      <MatrixWidth>360</MatrixWidth>
      <MatrixHeight>180</MatrixHeight>
      <VariableMatrixWidth><Coalesce>12</Coalesce><MinTileRow>0</MinTileRow><MaxTileRow>0</MaxTileRow></VariableMatrixWidth>
      <VariableMatrixWidth><Coalesce>6</Coalesce><MinTileRow>1</MinTileRow><MaxTileRow>9</MaxTileRow></VariableMatrixWidth>
      <VariableMatrixWidth><Coalesce>4</Coalesce><MinTileRow>10</MinTileRow><MaxTileRow>14</MaxTileRow></VariableMatrixWidth>
      <VariableMatrixWidth><Coalesce>3</Coalesce><MinTileRow>15</MinTileRow><MaxTileRow>19</MaxTileRow></VariableMatrixWidth>
      <VariableMatrixWidth><Coalesce>2</Coalesce><MinTileRow>20</MinTileRow><MaxTileRow>39</MaxTileRow></VariableMatrixWidth>
      <VariableMatrixWidth><Coalesce>2</Coalesce><MinTileRow>140</MinTileRow><MaxTileRow>159</MaxTileRow></VariableMatrixWidth>
      <VariableMatrixWidth><Coalesce>3</Coalesce><MinTileRow>160</MinTileRow><MaxTileRow>164</MaxTileRow></VariableMatrixWidth>
      <VariableMatrixWidth><Coalesce>4</Coalesce><MinTileRow>165</MinTileRow><MaxTileRow>169</MaxTileRow></VariableMatrixWidth>
      <VariableMatrixWidth><Coalesce>6</Coalesce><MinTileRow>170</MinTileRow><MaxTileRow>178</MaxTileRow></VariableMatrixWidth>
      <VariableMatrixWidth><Coalesce>12</Coalesce><MinTileRow>179</MinTileRow><MaxTileRow>179</MaxTileRow></VariableMatrixWidth>
   </TileMatrix>
   <TileMatrix>
      <tmsc:Identifier>1</tmsc:Identifier>
      <ScaleDenominator>194125.7861210825504</ScaleDenominator>
      <CellSize>0.00048828125</CellSize>
      <PointOfOrigin>90 -180</PointOfOrigin>
      <TileWidth>1024</TileWidth>
      <TileHeight>1024</TileHeight>
      <MatrixWidth>720</MatrixWidth>
      <MatrixHeight>360</MatrixHeight>
      <VariableMatrixWidth><Coalesce>12</Coalesce><MinTileRow>0</MinTileRow><MaxTileRow>1</MaxTileRow></VariableMatrixWidth>
      <VariableMatrixWidth><Coalesce>6</Coalesce><MinTileRow>2</MinTileRow><MaxTileRow>19</MaxTileRow></VariableMatrixWidth>
      <VariableMatrixWidth><Coalesce>4</Coalesce><MinTileRow>20</MinTileRow><MaxTileRow>29</MaxTileRow></VariableMatrixWidth>
      <VariableMatrixWidth><Coalesce>3</Coalesce><MinTileRow>30</MinTileRow><MaxTileRow>39</MaxTileRow></VariableMatrixWidth>
      <VariableMatrixWidth><Coalesce>2</Coalesce><MinTileRow>40</MinTileRow><MaxTileRow>79</MaxTileRow></VariableMatrixWidth>
      <VariableMatrixWidth><Coalesce>2</Coalesce><MinTileRow>280</MinTileRow><MaxTileRow>319</MaxTileRow></VariableMatrixWidth>
      <VariableMatrixWidth><Coalesce>3</Coalesce><MinTileRow>320</MinTileRow><MaxTileRow>329</MaxTileRow></VariableMatrixWidth>
      <VariableMatrixWidth><Coalesce>4</Coalesce><MinTileRow>330</MinTileRow><MaxTileRow>339</MaxTileRow></VariableMatrixWidth>
      <VariableMatrixWidth><Coalesce>6</Coalesce><MinTileRow>340</MinTileRow><MaxTileRow>357</MaxTileRow></VariableMatrixWidth>
      <VariableMatrixWidth><Coalesce>12</Coalesce><MinTileRow>358</MinTileRow><MaxTileRow>359</MaxTileRow></VariableMatrixWidth>
   </TileMatrix>
   <TileMatrix>
      <tmsc:Identifier>2</tmsc:Identifier>
      <ScaleDenominator>97062.8930605412752</ScaleDenominator>
      <CellSize>0.000244140625</CellSize>
      <PointOfOrigin>90 -180</PointOfOrigin>
      <TileWidth>1024</TileWidth>
      <TileHeight>1024</TileHeight>
      <MatrixWidth>1440</MatrixWidth>
      <MatrixHeight>720</MatrixHeight>
      <VariableMatrixWidth><Coalesce>12</Coalesce><MinTileRow>0</MinTileRow><MaxTileRow>3</MaxTileRow></VariableMatrixWidth>
      <VariableMatrixWidth><Coalesce>6</Coalesce><MinTileRow>4</MinTileRow><MaxTileRow>39</MaxTileRow></VariableMatrixWidth>
      <VariableMatrixWidth><Coalesce>4</Coalesce><MinTileRow>40</MinTileRow><MaxTileRow>59</MaxTileRow></VariableMatrixWidth>
      <VariableMatrixWidth><Coalesce>3</Coalesce><MinTileRow>60</MinTileRow><MaxTileRow>79</MaxTileRow></VariableMatrixWidth>
      <VariableMatrixWidth><Coalesce>2</Coalesce><MinTileRow>80</MinTileRow><MaxTileRow>159</MaxTileRow></VariableMatrixWidth>
      <VariableMatrixWidth><Coalesce>2</Coalesce><MinTileRow>560</MinTileRow><MaxTileRow>639</MaxTileRow></VariableMatrixWidth>
      <VariableMatrixWidth><Coalesce>3</Coalesce><MinTileRow>640</MinTileRow><MaxTileRow>659</MaxTileRow></VariableMatrixWidth>
      <VariableMatrixWidth><Coalesce>4</Coalesce><MinTileRow>660</MinTileRow><MaxTileRow>679</MaxTileRow></VariableMatrixWidth>
      <VariableMatrixWidth><Coalesce>6</Coalesce><MinTileRow>680</MinTileRow><MaxTileRow>715</MaxTileRow></VariableMatrixWidth>
      <VariableMatrixWidth><Coalesce>12</Coalesce><MinTileRow>716</MinTileRow><MaxTileRow>719</MaxTileRow></VariableMatrixWidth>
   </TileMatrix>
   <TileMatrix>
      <tmsc:Identifier>3</tmsc:Identifier>
      <ScaleDenominator>48531.4465302706376</ScaleDenominator>
      <CellSize>0.0001220703125</CellSize>
      <PointOfOrigin>90 -180</PointOfOrigin>
      <TileWidth>1024</TileWidth>
      <TileHeight>1024</TileHeight>
      <MatrixWidth>2880</MatrixWidth>
      <MatrixHeight>1440</MatrixHeight>
      <VariableMatrixWidth><Coalesce>12</Coalesce><MinTileRow>0</MinTileRow><MaxTileRow>7</MaxTileRow></VariableMatrixWidth>
      <VariableMatrixWidth><Coalesce>6</Coalesce><MinTileRow>8</MinTileRow><MaxTileRow>79</MaxTileRow></VariableMatrixWidth>
      <VariableMatrixWidth><Coalesce>4</Coalesce><MinTileRow>80</MinTileRow><MaxTileRow>119</MaxTileRow></VariableMatrixWidth>
      <VariableMatrixWidth><Coalesce>3</Coalesce><MinTileRow>120</MinTileRow><MaxTileRow>159</MaxTileRow></VariableMatrixWidth>
      <VariableMatrixWidth><Coalesce>2</Coalesce><MinTileRow>160</MinTileRow><MaxTileRow>319</MaxTileRow></VariableMatrixWidth>
      <VariableMatrixWidth><Coalesce>2</Coalesce><MinTileRow>1120</MinTileRow><MaxTileRow>1279</MaxTileRow></VariableMatrixWidth>
      <VariableMatrixWidth><Coalesce>3</Coalesce><MinTileRow>1280</MinTileRow><MaxTileRow>1319</MaxTileRow></VariableMatrixWidth>
      <VariableMatrixWidth><Coalesce>4</Coalesce><MinTileRow>1320</MinTileRow><MaxTileRow>1359</MaxTileRow></VariableMatrixWidth>
      <VariableMatrixWidth><Coalesce>6</Coalesce><MinTileRow>1360</MinTileRow><MaxTileRow>1431</MaxTileRow></VariableMatrixWidth>
      <VariableMatrixWidth><Coalesce>12</Coalesce><MinTileRow>1432</MinTileRow><MaxTileRow>1439</MaxTileRow></VariableMatrixWidth>
   </TileMatrix>
   <TileMatrix>
      <tmsc:Identifier>4</tmsc:Identifier>
      <ScaleDenominator>24265.7232651353188</ScaleDenominator>
      <CellSize>0.00006103515625</CellSize>
      <PointOfOrigin>90 -180</PointOfOrigin>
      <TileWidth>1024</TileWidth>
      <TileHeight>1024</TileHeight>
      <MatrixWidth>5760</MatrixWidth>
      <MatrixHeight>2880</MatrixHeight>
      <VariableMatrixWidth><Coalesce>12</Coalesce><MinTileRow>0</MinTileRow><MaxTileRow>15</MaxTileRow></VariableMatrixWidth>
      <VariableMatrixWidth><Coalesce>6</Coalesce><MinTileRow>16</MinTileRow><MaxTileRow>159</MaxTileRow></VariableMatrixWidth>
      <VariableMatrixWidth><Coalesce>4</Coalesce><MinTileRow>160</MinTileRow><MaxTileRow>239</MaxTileRow></VariableMatrixWidth>
      <VariableMatrixWidth><Coalesce>3</Coalesce><MinTileRow>240</MinTileRow><MaxTileRow>319</MaxTileRow></VariableMatrixWidth>
      <VariableMatrixWidth><Coalesce>2</Coalesce><MinTileRow>320</MinTileRow><MaxTileRow>639</MaxTileRow></VariableMatrixWidth>
      <VariableMatrixWidth><Coalesce>2</Coalesce><MinTileRow>2240</MinTileRow><MaxTileRow>2559</MaxTileRow></VariableMatrixWidth>
      <VariableMatrixWidth><Coalesce>3</Coalesce><MinTileRow>2560</MinTileRow><MaxTileRow>2639</MaxTileRow></VariableMatrixWidth>
      <VariableMatrixWidth><Coalesce>4</Coalesce><MinTileRow>2640</MinTileRow><MaxTileRow>2719</MaxTileRow></VariableMatrixWidth>
      <VariableMatrixWidth><Coalesce>6</Coalesce><MinTileRow>2720</MinTileRow><MaxTileRow>2863</MaxTileRow></VariableMatrixWidth>
      <VariableMatrixWidth><Coalesce>12</Coalesce><MinTileRow>2864</MinTileRow><MaxTileRow>2879</MaxTileRow></VariableMatrixWidth>
   </TileMatrix>
</TileMatrixSet>
