{
  "title": "Some Title for this API",
  "description": "Some description for this API.",
  "links": [
    {
      "rel": "service",
      "type": "application/json",
      "title": "API definition for this enpoint as JSON",
      "href": "http://www.example.com/oapi-c/api?f=application/json"
    },
    {
      "rel": "service",
      "type": "application/vnd.ogc_wfs+xml",
      "title": "API definition for this endpoint as XML",
      "href": "http://www.example.com/oapi-c/api?f=application/vnd.ogc_wfs+xml"
    },
    {
      "rel": "conformance",
      "type": "application/json",
      "title": "Conformance Declaration as JSON",
      "href": "http://www.example.com/oapi-c/conformance?f=application/json"
    },
    {
      "rel": "conformance",
      "type": "application/xml",
      "title": "Conformance Declaration as XML",
      "href": "http://www.example.com/oapi-c/conformance?f=application/xml"
    },
    {
      "rel": "conformance",
      "type": "text/html",
      "title": "Conformance Declaration as HTML",
      "href": "http://www.example.com/oapi-c/conformance?f=text/html"
    },
    {
      "rel": "data",
      "type": "application/json",
      "title": "Collections Metadata as JSON",
      "href": "http://www.example.com/oapi-c/collections?f=application/json"
    },
    {
      "rel": "data",
      "type": "application/xml",
      "title": "Collections Metadata as XML",
      "href": "http://www.example.com/oapi-c/collections?f=application/xml"
    },
    {
      "rel": "data",
      "type": "text/html",
      "title": "Collections Metadata as HTML",
      "href": "http://www.example.com/oapi-c/collections?f=text/html"
    },
    {
      "rel": "self",
      "type": "application/json",
      "title": "This Document",
      "href": "http://www.example.com/oapi-c?f=application/json"
    },
    {
      "rel": "alternate",
      "type": "application/xml",
      "title": "This Document as XML",
      "href": "http://www.example.com/oapi-c?f=application/xml"
    },
    {
      "rel": "alternate",
      "type": "text/html",
      "title": "This Document as HTML",
      "href": "http://www.example.com/oapi-c?f=text/html"
    }
  ]
}