{
  "title": "Example API Landing Page",
  "description": "This is an example of an API landing page in JSON format,",
  "links": [
    { "href": "http://data.example.org/",
      "rel": "self", "type": "application/json", "title": "this document" },
    { "href": "http://data.example.org/api",
      "rel": "service-desc", "type": "application/vnd.oai.openapi+json;version=3.0", "title": "the API definition" },
    { "href": "http://data.example.org/conformance",
      "rel": "conformance", "type": "application/json", "title": "OGC conformance classes implemented by this API" },
    { "href": "http://data.example.org/collections",
      "rel": "data", "type": "application/json", "title": "Metadata about the resource collections" }
  ]
}