{
  "$schema": "http://json-schema.org/draft-07/schema#",
  "$id": "http://www.opengis.net/spec/movingfeatures/json/1.0/prism/MF-JSON_Prism.schema.json",
  "title": "OGC Moving Feature JSON Prism schema",
  "oneOf":[
    {"$ref": "#/definitions/temporalGeometry"},
    {"$ref": "#/definitions/temporalProperties"},
    {"$ref": "#/definitions/crs"},
    {"$ref": "#/definitions/trs"},
    {"$ref": "#/definitions/movingFeature"},
    {"$ref": "#/definitions/movingFeatureCollection"},
    {"$ref": "#/definitions/time"},
    {"$ref": "#/definitions/bbox"},
    {"$ref": "#/definitions/geometry"},
    {"$ref": "#/definitions/geometryInterpolation"}
  ],
  "definitions": {
    "temporalGeometry": {
      "$id": "#/definitions/temporalGeometry",
      "title": "TemporalGeometry Object",
      "oneOf": [
        {"$ref": "#/definitions/temporalPrimitiveGeometry"},
        {"$ref": "#/definitions/temporalComplexGeometry"}
      ]
    },
    "temporalProperties": {
      "$id": "#/definitions/temporalProperties",
      "title": "TemporalProperties Objects",
      "oneOf": [
        {"type": "null"},
        {
          "type":  "array",
          "items": [{"$ref": "#/definitions/parametricValues"}]
        }
      ]
    },
    "crs": {
      "$id": "#/definitions/crs",
      "title": "Coordinate Reference System",
      "type": "object",
      "required": ["type", "properties"],
      "oneOf":[
        {"$ref": "#/definitions/namedCRS"},
        {"$ref": "#/definitions/linkedCRS"}
      ]
    },
    "trs": {
      "$id": "#/definitions/trs",
      "title": "Temporal Coordinate Reference System",
      "type": "object",
      "required": ["type", "properties"],
      "oneOf":[
        {"$ref": "#/definitions/namedTRS"},
        {"$ref": "#/definitions/linkedCRS"}
      ]
    },
    "movingFeature": {
      "$id": "#/definitions/movingFeature",
      "title": "MovingFeature object in a MF-JSON Prism",
      "type": "object",
      "required": ["type", "temporalGeometry"],
      "properties": {
        "type": {
          "type": "string",
          "enum": ["Feature"]
        },
        "temporalGeometry": {"$ref": "#/definitions/temporalGeometry"},
        "crs": {"$ref": "#/definitions/crs"},
        "trs": {"$ref": "#/definitions/trs"},
        "temporalProperties": {"$ref": "#/definitions/temporalProperties"},
        "bbox": {"$ref": "#/definitions/bbox"},
        "time": {"$ref": "#/definitions/time"},
        "geometry": {"$ref": "#/definitions/geometry"},
        "properties": {"$ref": "#/definitions/properties"},
        "id": {
          "description": "An identifier for the feature",
          "oneOf": [
            {"type": "string"},
            {"type": "number"}
          ]
        }
      }
    },
    "movingFeatureCollection": {
      "$id": "#/definitions/movingFeatureCollection",
      "title": "MovingFeatureCollection object in a MF-JSON Prism",
      "type": "object",
      "required": ["type", "features"],
      "properties": {
        "type": {
          "type": "string",
          "enum": ["FeatureCollection"]
        },
        "features": {
          "type": "array",
          "minItems": 1,
          "items": {"$ref": "#/definitions/movingFeature"}
        },
        "crs": {"$ref": "#/definitions/crs"},
        "trs": {"$ref": "#/definitions/trs"},
        "bbox": {"$ref": "#/definitions/bbox"},
        "time": {"$ref": "#/definitions/time"},
        "label": {
          "oneOf": [
            {"type": "null"},
            {"type": "string"}
          ]
        }
      }
    },
    "time": {
      "$id": "#/definitions/time",
      "title": "LifeSpan Object",
      "oneOf": [
        {"type": "null"},
        {
          "type": "array",
          "minItems": 2,
          "maxItems": 2,
          "uniqueItems": true,
          "items": {"type": "string"}
        }
      ]
    },
    "bbox": {
      "$id": "#/definitions/bbox",
      "title": "BoundingBox Object",
      "oneOf": [
        {"type": "null"},
        {
          "type": "array",
          "minItems": 4,
          "items": {"type": "number"}
        }
      ]
    },
    "geometry": {
      "$id": "#/definitions/geometry",
      "title": "GeoJSON Geometry object",
      "oneOf": [
        {"type": "null"},
        {"$ref": "https://geojson.org/schema/Geometry.json"},
        {"$ref": "https://geojson.org/schema/GeometryCollection.json"}
      ]
    },
    "properties": {
      "$id": "#/definitions/properties",
      "title": "Properties object",
      "oneOf": [
        {"type": "null"},
        {"type": "object"}
      ]
    },
    "datetimes": {
      "$id": "#/definitions/datetimes",
      "type": "array",
      "uniqueItems": true,
      "minItems": 1,
      "items": {"type": "string"}
    },
    "temporalPrimitiveGeometry": {
      "$id": "#/definitions/temporalPrimitiveGeometry",
      "type": "object",
      "title": "TemporalPrimitiveGeometry Object",
      "required": ["type", "datetimes", "coordinates"],
      "dependencies": {"orientations": ["base"]},
      "properties": {
        "type": {
          "type": "string",
          "enum": ["MovingPoint", "MovingLineString", "MovingPolygon", "MovingPointCloud"]
        },
        "datetimes": {"$ref": "#/definitions/datetimes"},
        "coordinates": {
          "oneOf": [
            {
              "type": "array",
              "minItems": 2,
              "items": {
                "type": "array",
                "minItems": 2,
                "items": {"type": "number"}
              }
            },
            {
              "type": "array",
              "minItems": 2,
              "items": {
                "type": "array",
                "minItems": 2,
                "items": {
                  "type": "array",
                  "minItems": 2,
                  "items": {"type": "number"}
                }
              }
            },
            {
              "type": "array",
              "minItems": 2,
              "items": {
                "type": "array",
                "items": {
                  "type": "array",
                  "minItems": 4,
                  "items": {
                    "type": "array",
                    "minItems": 2,
                    "items": {"type": "number"}
                  }
                }
              }
            }
          ]
        },
        "interpolation": {"$ref": "#/definitions/geometryInterpolation"},
        "base": {
          "oneOf":[
            {"type": "null"},
            {
              "type": "object",
              "required": ["href", "type"],
              "properties": {
                "href": {"type": "string", "format": "uri"},
                "type": {"type": "string"}
              }
            }
          ]
        },
        "orientations": {
          "oneOf": [
            {"type": "null"},
            {
              "type": "array",
              "items": {"$ref": "#/definitions/orientation"}
            }
          ]
        },
        "crs": {"$ref": "#/definitions/crs"},
        "trs": {"$ref": "#/definitions/trs"}
      }
    },
    "geometryInterpolation": {
      "$id": "#/definitions/geometryInterpolation",
      "title": "Interpolation method for TemporalPrimitiveGeometry (MotionCurve)",
      "oneOf":[
        {
          "type": "string",
          "enum": ["Discrete", "Step", "Linear", "Quadratic", "Cube"],
          "default": "Linear"
        },
        {"type": "string", "format": "uri"}
      ]
    },
    "temporalComplexGeometry": {
      "$id": "#/definitions/temporalComplexGeometry",
      "type": "object",
      "title": "TemporalComplexGeometry Object",
      "required": ["type", "prisms"],
      "properties": {
        "type": {
          "type": "string",
          "enum": ["MovingGeometryCollection"]
        },
        "prisms": {
          "type": "array",
          "items": {"$ref": "#/definitions/temporalPrimitiveGeometry"}
        },
        "crs": {"$ref": "#/definitions/crs"},
        "trs": {"$ref": "#/definitions/trs"}
      }
    },
    "orientation":{
      "$id": "#/definitions/orientation",
      "type": "object",
      "required": ["scales", "angles"],
      "properties": {
        "scales": {
          "type": "array",
          "minItems": 3,
          "maxItems": 3,
          "items": {"type": "number"}
        },
        "angles": {
          "type": "array",
          "minItems": 3,
          "maxItems": 3,
          "items": {"type": "number"}
        }
      }
    },
    "parametricValues": {
      "$id": "#/definitions/parametricValues",
      "type": "object",
      "required": ["datetimes"],
      "properties": {
        "datetimes": {"$ref": "#/definitions/datetimes"}
      },
      "patternProperties": {
        "^S_": {
          "oneOf": [
            {"$ref": "#/definitions/measureType"},
            {"$ref": "#/definitions/textType"},
            {"$ref": "#/definitions/imageType"}
          ]
        }
      }
    },
    "measureType": {
      "$id": "#/definitions/measureType",
      "type": "object",
      "required": ["type", "values"],
      "properties": {
        "type": {"type": "string", "enum": ["Measure"]},
        "values": {
          "type": "array",
          "items": {
            "oneOf": [
              {"type": "null"},
              {"type": "number"}
            ]
          }
        },
        "interpolation": {"$ref": "#/definitions/propertyInterpolation"},
        "form": {
          "oneOf": [
            {"type": "string", "minLength": 3, "maxLength": 3},
            {"type": "string", "format": "uri"}
          ]
        },
        "description": {"type": "string"}
      }
    },
    "textType": {
      "$id": "#/definitions/textType",
      "type": "object",
      "required": ["type", "values"],
      "properties": {
        "type": {"type": "string", "enum": ["Text"]},
        "values": {
          "type": "array",
          "items": {
            "oneOf": [
              {"type": "null"},
              {"type": "string"},
              {"type": "boolean"}
            ]
          }
        },
        "interpolation": {"$ref": "#/definitions/propertyInterpolation"},
        "description": {"type": "string"}
      }
    },
    "imageType": {
      "$id": "#/definitions/imageType",
      "type": "object",
      "required": ["type", "values"],
      "properties": {
        "type": {"type": "string", "enum": ["Image"]},
        "values": {
          "type": "array",
          "items": {
            "oneOf": [
              {"type": "null"},
              {"type": "string"}
            ]
          }
        },
        "interpolation": {
          "$ref": "#/definitions/propertyInterpolation"
        },
        "description": {"type": "string"}
      }
    },
    "propertyInterpolation": {
      "$id": "#/definitions/propertyInterpolation",
      "title": "Interpolation method for ParametricValues",
      "oneOf":[
        {
          "type": "string",
          "enum": ["Discrete", "Step", "Linear", "Regression"],
          "default": "Discrete"
        },
        {"type": "string", "format": "uri"}
      ]
    },
    "namedCRS": {
      "$id": "#/definitions/namedCRS",
      "type": "object",
      "required": ["type", "properties"],
      "properties": {
        "type": {"type": "string", "enum": ["Name"]},
        "properties": {
          "type": "object",
          "required": ["name"],
          "additionalProperties": false,
          "properties": {
            "name": {"type": "string", "default": "urn:ogc:def:crs:OGC:1.3:CRS84"}
          }
        }
      }
    },
    "linkedCRS": {
      "$id": "#/definitions/linkedCRS",
      "type": "object",
      "required": ["type", "properties"],
      "properties": {
        "type": {"type": "string", "enum": ["Link"]},
        "properties": {
          "type": "object",
          "required": ["href", "type"],
          "properties": {
            "href": {"type": "string", "format": "uri"},
            "type": {"type": "string"}
          }
        }
      }
    },
    "namedTRS": {
      "$id": "#/definitions/namedTRS",
      "type": "object",
      "required": ["type", "properties"],
      "properties": {
        "type": {"type": "string", "enum": ["Name"]},
        "properties": {
          "type": "object",
          "required": ["name"],
          "additionalProperties": false,
          "properties": {
            "name": {"type": "string", "default": "urn:ogc:data:time:iso8601"}
          }
        }
      }
    }
  }
}