<?xml version="1.0" encoding="UTF-8"?>
<TileSetMetadata xmlns="http://www.opengis.net/tms/2.0" xmlns:tmsc="http://www.opengis.net/tms/2.0/common" xmlns:atom="http://www.w3.org/2005/Atom" xmlns:xsi="http://www.w3.org/2001/XMLSchema-instance" xsi:schemaLocation="http://www.opengis.net/tms/2.0 ../../tileset.xsd">
	<tmsc:Title>Daraa multi-layer vector tiles</tmsc:Title>
	<tmsc:Description>Vector tiles of Daraa, Syria from NSG OpenStreetMap Topographic Data Store</tmsc:Description>
	<tmsc:Keywords>
		<tmsc:Keyword>Daraa</tmsc:Keyword>
		<tmsc:Keyword>Syria</tmsc:Keyword>
		<tmsc:Keyword>OpenStreetMap</tmsc:Keyword>
		<tmsc:Keyword>NSG</tmsc:Keyword>
		<tmsc:Keyword>TDS</tmsc:Keyword>
	</tmsc:Keywords>
	<AccessConstraints>unclassified</AccessConstraints>
	<TileMatrixSetURI>http://www.opengis.net/def/TileMatrixset/OGC/1.0/WebMercatorQuad</TileMatrixSetURI>
	<tmsc:CRS>
		<tmsc:URI>http://www.opengis.net/def/crs/EPSG/0/3857</tmsc:URI>
	</tmsc:CRS>
	<Epoch>2021.33</Epoch>
	<TileMatrixSetLimit>
		<TileMatrix>0</TileMatrix>
		<MinTileRow>0</MinTileRow><MaxTileRow>0</MaxTileRow>
		<MinTileCol>0</MinTileCol><MaxTileCol>0</MaxTileCol>
	</TileMatrixSetLimit>
	<TileMatrixSetLimit>
		<TileMatrix>1</TileMatrix>
		<MinTileRow>0</MinTileRow><MaxTileRow>0</MaxTileRow>
		<MinTileCol>1</MinTileCol><MaxTileCol>1</MaxTileCol>
	</TileMatrixSetLimit>
	<TileMatrixSetLimit>
		<TileMatrix>2</TileMatrix>
		<MinTileRow>1</MinTileRow><MaxTileRow>1</MaxTileRow>
		<MinTileCol>2</MinTileCol><MaxTileCol>2</MaxTileCol>
	</TileMatrixSetLimit>
	<TileMatrixSetLimit>
		<TileMatrix>3</TileMatrix>
		<MinTileRow>3</MinTileRow><MaxTileRow>3</MaxTileRow>
		<MinTileCol>4</MinTileCol><MaxTileCol>4</MaxTileCol>
	</TileMatrixSetLimit>
	<TileMatrixSetLimit>
		<TileMatrix>4</TileMatrix>
		<MinTileRow>6</MinTileRow><MaxTileRow>6</MaxTileRow>
		<MinTileCol>9</MinTileCol><MaxTileCol>9</MaxTileCol>
	</TileMatrixSetLimit>
	<TileMatrixSetLimit>
		<TileMatrix>5</TileMatrix>
		<MinTileRow>12</MinTileRow><MaxTileRow>12</MaxTileRow>
		<MinTileCol>19</MinTileCol><MaxTileCol>19</MaxTileCol>
	</TileMatrixSetLimit>
	<TileMatrixSetLimit>
		<TileMatrix>6</TileMatrix>
		<MinTileRow>25</MinTileRow><MaxTileRow>25</MaxTileRow>
		<MinTileCol>38</MinTileCol><MaxTileCol>38</MaxTileCol>
	</TileMatrixSetLimit>
	<TileMatrixSetLimit>
		<TileMatrix>7</TileMatrix>
		<MinTileRow>51</MinTileRow><MaxTileRow>51</MaxTileRow>
		<MinTileCol>76</MinTileCol><MaxTileCol>77</MaxTileCol>
	</TileMatrixSetLimit>
	<TileMatrixSetLimit>
		<TileMatrix>8</TileMatrix>
		<MinTileRow>102</MinTileRow><MaxTileRow>103</MaxTileRow>
		<MinTileCol>152</MinTileCol><MaxTileCol>154</MaxTileCol>
	</TileMatrixSetLimit>
	<TileMatrixSetLimit>
		<TileMatrix>9</TileMatrix>
		<MinTileRow>205</MinTileRow><MaxTileRow>207</MaxTileRow>
		<MinTileCol>305</MinTileCol><MaxTileCol>308</MaxTileCol>
	</TileMatrixSetLimit>
	<TileMatrixSetLimit>
		<TileMatrix>10</TileMatrix>
		<MinTileRow>411</MinTileRow><MaxTileRow>415</MaxTileRow>
		<MinTileCol>611</MinTileCol><MaxTileCol>617</MaxTileCol>
	</TileMatrixSetLimit>
	<TileMatrixSetLimit>
		<TileMatrix>11</TileMatrix>
		<MinTileRow>823</MinTileRow><MaxTileRow>831</MaxTileRow>
		<MinTileCol>1223</MinTileCol><MaxTileCol>1234</MaxTileCol>
	</TileMatrixSetLimit>
	<TileMatrixSetLimit>
		<TileMatrix>12</TileMatrix>
		<MinTileRow>1646</MinTileRow><MaxTileRow>1663</MaxTileRow>
		<MinTileCol>2446</MinTileCol><MaxTileCol>2468</MaxTileCol>
	</TileMatrixSetLimit>
	<TileMatrixSetLimit>
		<TileMatrix>13</TileMatrix>
		<MinTileRow>3292</MinTileRow><MaxTileRow>3326</MaxTileRow>
		<MinTileCol>4892</MinTileCol><MaxTileCol>4937</MaxTileCol>
	</TileMatrixSetLimit>
	<TileMatrixSetLimit>
		<TileMatrix>14</TileMatrix>
		<MinTileRow>6584</MinTileRow><MaxTileRow>6653</MaxTileRow>
		<MinTileCol>9784</MinTileCol><MaxTileCol>9875</MaxTileCol>
	</TileMatrixSetLimit>
	<TileMatrixSetLimit>
		<TileMatrix>15</TileMatrix>
		<MinTileRow>13169</MinTileRow><MaxTileRow>13306</MaxTileRow>
		<MinTileCol>19569</MinTileCol><MaxTileCol>19751</MaxTileCol>
	</TileMatrixSetLimit>
	<TileMatrixSetLimit>
		<TileMatrix>16</TileMatrix>
		<MinTileRow>26339</MinTileRow><MaxTileRow>26613</MaxTileRow>
		<MinTileCol>39139</MinTileCol><MaxTileCol>39503</MaxTileCol>
	</TileMatrixSetLimit>
	<TileMatrixSetLimit>
		<TileMatrix>17</TileMatrix>
		<MinTileRow>52679</MinTileRow><MaxTileRow>53227</MaxTileRow>
		<MinTileCol>78279</MinTileCol><MaxTileCol>79007</MaxTileCol>
	</TileMatrixSetLimit>
	<tmsc:BoundingBox>
		<tmsc:LowerLeft>35 32</tmsc:LowerLeft>
		<tmsc:UpperRight>37 33.2671397</tmsc:UpperRight>
	</tmsc:BoundingBox>
	<Layer>
		<tmsc:Identifier>AgricultureSrf</tmsc:Identifier>
		<GeometryDimension>2</GeometryDimension>
		<MinScaleDenominator>4265.4591676995678</MinScaleDenominator>
		<MinCellSize>1.19432856696</MinCellSize>
		<MaxTileMatrix>17</MaxTileMatrix>
		<tmsc:BoundingBox crs="http://www.opengis.net/def/crs/OGC/1.3/CRS84">
			<tmsc:LowerLeft>35.898213 32.4633913</tmsc:LowerLeft>
			<tmsc:UpperRight>36.5614696 32.8370158</tmsc:UpperRight>
		</tmsc:BoundingBox>
		<GeoDataClass>http://example.com/def/geodataclasses/OSMNSGTDS</GeoDataClass>
		<PropertySchema>
			<tmsc:Title>Feature Code</tmsc:Title>
			<Type>string</Type>
			<AcceptedValues>EA010</AcceptedValues>
			<AcceptedValues>EA040</AcceptedValues>
			<AcceptedValues>AM020</AcceptedValues>
			<tmsc:Identifier>F_CODE</tmsc:Identifier>
		</PropertySchema>
		<PropertySchema>
			<Type>integer</Type>
			<tmsc:Identifier>FFN</tmsc:Identifier>
		</PropertySchema>
		<PropertySchema>
			<tmsc:Title>Feature subtype</tmsc:Title>
			<Type>integer</Type>
			<AcceptedValues>100380</AcceptedValues>
			<AcceptedValues>100384</AcceptedValues>
			<tmsc:Identifier>FCSUBTYPE</tmsc:Identifier>
		</PropertySchema>
		<PropertySchema>
			<Type>string</Type>
			<tmsc:Identifier>ZI005_FNA</tmsc:Identifier>
		</PropertySchema>
		<Link rel="http://www.opengis.net/def/rel/ogc/1.0/geodata" href="/Daraa/ogcapi/collections/AgricultureSrf"/>
		<DataType>vector</DataType>
	</Layer>
	<Layer>
		<tmsc:Identifier>TransportationGroundCrv</tmsc:Identifier>
		<GeometryDimension>1</GeometryDimension>
		<MinScaleDenominator>4265.4591676995678</MinScaleDenominator>
		<MinCellSize>1.19432856696</MinCellSize>
		<MaxTileMatrix>17</MaxTileMatrix>
		<tmsc:BoundingBox crs="http://www.opengis.net/def/crs/OGC/1.3/CRS84">
			<tmsc:LowerLeft>35.9028738 32.4168138</tmsc:LowerLeft>
			<tmsc:UpperRight>36.5747694 33.1424348</tmsc:UpperRight>
		</tmsc:BoundingBox>
		<GeoDataClass>http://example.com/def/geodataclasses/OSMNSGTDS</GeoDataClass>
		<PropertySchema>
			<tmsc:Title>Feature Code</tmsc:Title>
			<Type>string</Type>
			<AcceptedValues>AN010</AcceptedValues>
			<AcceptedValues>AP010</AcceptedValues>
			<AcceptedValues>AN030</AcceptedValues>
			<AcceptedValues>AQ040</AcceptedValues>
			<tmsc:Identifier>F_CODE</tmsc:Identifier>
		</PropertySchema>
		<PropertySchema>
			<Type>integer</Type>
			<tmsc:Identifier>FFN</tmsc:Identifier>
		</PropertySchema>
		<PropertySchema>
			<tmsc:Title>Feature subtype</tmsc:Title>
			<Type>integer</Type>
			<AcceptedValues>100143</AcceptedValues>
			<AcceptedValues>100152</AcceptedValues>
			<AcceptedValues>100161</AcceptedValues>
			<tmsc:Identifier>FCSUBTYPE</tmsc:Identifier>
		</PropertySchema>
		<PropertySchema>
			<Type>string</Type>
			<tmsc:Identifier>ZI005_FNA</tmsc:Identifier>
		</PropertySchema>
		<Link rel="http://www.opengis.net/def/rel/ogc/1.0/geodata" href="/Daraa/ogcapi/collections/TransportationGroundCrv"/>
		<DataType>vector</DataType>
	</Layer>
	<CenterPoint>
		<Coordinates>36.2298413 32.65020355</Coordinates>
		<ScaleDenominator>17061.8366707982</ScaleDenominator>
		<CellSize>4.77731426782</CellSize>
		<TileMatrix>15</TileMatrix>
	</CenterPoint>
	<Link rel="self" href="/Daraa/ogcapi/tiles/WebMercatorQuad?f=json" type="application/json" />
	<Link rel="alternate" href="/Daraa/ogcapi/tiles/WebMercatorQuad?f=tilejson" type="application/json+vnd.mapbox.tilejson" />
	<Link rel="item" href="/Daraa/ogcapi/tiles/WebMercatorQuad/{TileMatrix}/{tileRow}/{tileCol}" templated="true" />
	<Link rel="item" href="/Daraa/ogcapi/tiles/WebMercatorQuad/{TileMatrix}/{tileRow}/{tileCol}.json" type="application/geo+json" templated="true" />
	<Link rel="item" href="/Daraa/ogcapi/tiles/WebMercatorQuad/{TileMatrix}/{tileRow}/{tileCol}.mvt" type="application/vnd.mapbox-vector-tile" templated="true" />
	<Link rel="dataset" href="/Daraa/ogcapi" />
	<Link rel="tiling-scheme" href="/Daraa/ogcapi/TileMatrixSets/WebMercatorQuad" type="application/json" />
	<DataType>vector</DataType>
</TileSetMetadata>
