{
	"$schema": "https://json-schema.org/draft/2019-09/schema",
      "title": "CRS",
      "oneOf": [
		{
			"description": "Simplification of the object into a url if the other properties are not present",
			"type": "string"
		},
		{
			"type": "object",
			"oneOf": [
				{
					"required":
					[
						"uri"
					],
					"properties":
					{
						"uri": {
							"description": "Reference to one coordinate reference system (CRS)",
							"type": "string",
							"format": "uri"
						}
					}
				},
				{
					"required":
					[
						"wkt"
					],
					"properties":
					{
						"wkt": { "allOf": [
							{ "description": "An object defining the CRS using the JSON encoding for Well-known text representation of coordinate reference systems 2.0" },
							{ "$ref": "projJSON.json" }
						] }
					}
				},
				{
					"required":
					[
						"referenceSystem"
					],
					"properties":
					{
						"referenceSystem": {
							"description": "A reference system data structure as defined in the MD_ReferenceSystem of the ISO 19115",
							"type": "object"
						}
					}
				}
			]
		}
      ]
}
